c_A,alpha,beta,q_e_per_cell,n_cm2,hw_eff_meV,hw02_meV,split01_meV,d2_A2,chi_eV_A2,lambda,lambda_task,Tc_K,lambda_g1,Tc_K_g1,lambda_g2,Tc_K_g2
5.55,1.2831724286986994,0.8307502158569008,0.0,0.0,21.776932237116096,43.717820964579424,21.774207515068746,0.0041748006181678956,5.896753834503423,0.004997879587841523,0.020145583766206846,0.0,0.0011999908890407498,0.0,0.019199854224651997,0.0
5.569874476987447,1.2256905965384297,0.8290593490697621,0.0,0.0,21.29508642720569,42.761637354304035,21.292463326669434,0.004269264202147796,5.903662601381781,0.0053546032659813145,0.021594780652059067,0.0,0.0012856402441621128,0.0,0.020570243906593805,0.0
5.589748953974895,1.16820876437816,0.8273684822826234,0.0,0.0,20.802349378974768,41.78433413717148,20.799825773891538,0.004370388580109182,5.910578946296167,0.005754284958860603,0.023220247586237454,0.0,0.0013816038186224304,0.0,0.022105661097958886,0.0
5.609623430962343,1.1107269322178877,0.8256776154954846,0.0,0.0,20.29796086998475,40.784485370900185,20.295534165020122,0.0044789893303888795,5.9175028732970505,0.006204447378597669,0.025053227476244635,0.0,0.0014896878156012985,0.0,0.023835005049620776,0.0
5.629497907949791,1.0532451000576177,0.8239867487083459,0.0,0.0,19.781069351691556,39.760501100015276,19.778736348331268,0.004596028078610331,5.92443438641385,0.006714382139981212,0.02713241498253331,0.0,0.0016121231518094882,0.0,0.02579397042895181,0.0
5.649372384937238,0.995763267897348,0.8222958819212072,0.0,0.0,19.250716058589653,38.710600351101995,19.24847277379755,0.004722647712875426,5.931373489654574,0.007295682416971728,0.02950623778715876,0.0,0.0017516933483149107,0.0,0.02802709357303857,0.0
5.669246861924686,0.9377214999134613,0.8228704865438715,0.0,0.0,18.701065147490738,37.62399706845335,18.698906011463905,0.0048614530481709654,5.938320187005852,0.007968711023818586,0.03226057851997139,0.0,0.0019132875168188413,0.0,0.03061260026910146,0.0
5.689121338912134,0.8796614731527148,0.823518965234247,0.0,0.0,18.135226370345155,36.5065164749615,18.133144437047953,0.00501313566804859,5.945274482432746,0.008748438426000689,0.0354583756505692,0.0,0.0021005000660827646,0.0,0.033608001057324234,0.0
5.7089958158995815,0.821601446391971,0.8241674439246224,0.0,0.0,17.551901498405165,35.35581410503692,17.549887758036572,0.00517974364051516,5.952236379878646,0.009659537157378622,0.039204126379059914,0.0,0.0023192548714866083,0.0,0.03710807794378573,0.0
5.728870292887029,0.7635414196312271,0.8248159226149978,0.0,0.0,16.949414752049897,34.168883364812466,16.94745731306641,0.005363863678792643,5.959205883265093,0.010734723383684747,0.04363717412821904,0.0,0.002577407084422709,0.0,0.041238513350763346,0.0
5.7487447698744765,0.7054813928704833,0.8254644013053732,0.0,0.0,16.32581263203124,32.942257138188964,16.323895519600853,0.005568748840528693,5.966182996491715,0.012017845123014813,0.0489454894767546,0.0,0.0028854846140358567,0.0,0.04616775382457371,0.0
5.768619246861925,0.6521901518060567,0.8244258926267192,0.0,0.0,15.732253851856733,31.77617031890812,15.73035670491766,0.005778850953042744,5.973167723436,0.013434199725213933,0.054825240132817414,0.0,0.0032255513540238646,0.0,0.05160882166438183,0.0
5.788493723849372,0.5992204019121711,0.8232736544625125,0.0,0.0,15.120514423329654,30.576629139475926,15.11861320959972,0.006012649280307529,5.980160067953315,0.015130442385176376,0.06189703937669887,0.0,0.00363281921668085,0.0,0.0581251074668936,0.0
5.80836820083682,0.5462506520182854,0.8221214162983059,0.0,0.0,14.484661193371066,29.33264103534819,14.482722639430019,0.006276594871747487,5.987160033876608,0.01720161868349673,0.07057658976007461,0.0,0.004130108645907561,0.0,0.06608173833452098,0.0
5.828242677824267,0.4932809021243998,0.8209691781340993,0.0,0.0,13.821757489003536,28.039281623985577,13.819734286456697,0.006577625908835637,5.994167625016376,0.01977208598445892,0.08141640478420333,0.0,0.0047472778448685886,0.0,0.07595644551789742,0.0
5.848117154811716,0.44031115223051176,0.8198169399698927,0.0,0.0,13.128252167165128,26.69073124807614,13.12607514094425,0.006925091703577812,6.001182845160494,0.02302351485777533,0.09523507929179598,0.0,0.0055279459173518545,0.0,0.08844713467762967,0.0
5.867991631799163,0.4014436687342202,0.8098980453773897,0.0,0.0,12.592127793458909,25.6470710531295,12.589802356161842,0.007219935475284718,6.008205698074139,0.026054328355350598,0.10817730994621515,0.0,0.006255644238119683,0.0,0.10009030780991493,0.0
5.887866108786611,0.36405200381442065,0.7990617099958794,0.0,0.0,12.055031272246547,24.603980896378147,12.052505259690111,0.007541610478822928,6.015236187499562,0.02963567571856935,0.12357889416703015,0.0,0.0071155257400284996,0.0,0.11384841184045599,0.0
5.907740585774058,0.32666033889462104,0.7882253746143691,0.0,0.0,11.495274898887915,23.520689132755667,11.492464190597602,0.00790884523989139,6.022274317155993,0.03407906579397189,0.14285878198019658,0.0,0.008182383697132655,0.0,0.13091813915412248,0.0
5.9276150627615065,0.2892686739748198,0.7773890392328583,0.0,0.0,10.909977436354662,22.392751354852678,10.906761507662287,0.008333138239348161,6.029320090739581,0.039695687849048755,0.1674977910231579,0.0,0.009530934652556614,0.0,0.15249495444090583,0.0
5.947489539748954,0.2518770090550202,0.766552703851348,0.0,0.0,10.29564904544226,21.214974921872866,10.291849980939466,0.008830366086104999,6.03637351192314,0.046952733253875514,0.1997721661892248,0.0,0.011273351254255508,0.0,0.18037362006808813,0.0
5.9673640167364015,0.2104038282519545,0.7612765986496705,0.0,0.0,9.58149148898921,19.86037074537701,9.576666639261076,0.009488538425336908,6.043434584356049,0.05765918226052201,0.24843470033986562,0.0,0.013843969660751326,0.0,0.22150351457202122,0.0
5.987238493723849,0.16834054876697074,0.7568043821486918,0.0,0.0,8.810688294259771,18.41335584217673,8.80420240589495,0.010318643348731792,6.050503311664228,0.07302464372770989,0.32025613243053774,0.0,0.01753321695902314,0.0,0.28053147134437023,0.0
6.007112970711297,0.1262772692819851,0.7523321656477129,0.0003565921037201568,482962694008.0001,7.983638138411124,16.880872828284193,7.9743895336090995,0.011387584029880157,6.057579697449809,0.09590875829060913,0.4314591668720054,0.0,0.02302769286557524,0.0,0.3684430858492038,0.5027034220834666
6.026987447698745,0.08421398979700134,0.7478599491467343,0.000768353348219897,1040645597967.492,7.089570197451149,15.252978367252997,7.075461446711001,0.01282367585527234,6.064663745291099,0.13210668732947525,0.6175863539651926,6.159440989220647e-20,0.031718815627806984,0.0,0.5075010500449118,2.3240090441922105
6.046861924686192,0.042150710312017586,0.7433877326457555,0.0011801145927196372,1598328501926.984,6.115986960528108,13.522474061916164,6.092711022861066,0.014865033354724864,6.0717554587425235,0.19393220648223933,0.9642127079539294,3.425970181690429e-05,0.04656312277638565,0.0,0.7450099644221704,6.523415217524678
6.06673640167364,0.005005479270069142,0.7376200072729311,0.0015918758372193773,2156011405886.4756,5.176787929732219,11.902257107257396,5.137790009335669,0.017561922836969564,6.078854841334342,0.29290298575967083,1.5936993029834587,0.05282902238321053,0.07032600688089695,0.0,1.1252161100943512,12.070220314245608
6.086610878661087,-0.031217617688810217,0.7316093739866355,0.0020036370817191175,2713694309845.9673,4.189009307539877,10.266079827580082,4.119433628655684,0.021703067119396034,6.08596189657255,0.47654598676867505,3.014868967654593,1.2087938305013468,0.11441869142315889,1.9017321564226023e-67,1.8306990627705422,17.97054057693328
6.106485355648536,-0.06744071464769119,0.7255987407003397,0.002415398326218876,3271377213805.4844,3.153455228887774,8.651996437720827,3.020564971153374,0.028830074812058838,6.093076627938822,0.8518106481562551,7.083652222601935,5.5351792940700415,0.204519736622317,0.00010019941751869196,3.272315785957072,23.395323757713708
6.126359832635983,-0.10366381160657055,0.7195881074140441,0.0028271595707186166,3829060117764.976,2.1549622568266114,7.271195913904228,1.896012430777392,0.042188372384392825,6.100199038890263,1.6044744234499617,22.249126554628443,11.233571793846833,0.3852343090703357,0.28741683543535373,6.163748945125371,28.621081632114297
6.146234309623431,-0.1398869085654499,0.7135774741277485,0.0032389208152183565,4386743021724.468,1.3672481042038518,6.5989693277614165,0.916020715099396,0.0664944057232773,6.107329132859372,2.598205490732416,87.31816909722028,15.266552539420305,0.6238291383248524,2.0144069868370877,9.981266213197639,33.87040659748887
6.166108786610879,-0.16267691292672323,0.6998404638912525,0.003650682059718115,4944425925683.984,1.0220003543608618,6.8191731303293235,0.4604557734816661,0.08895725894553984,6.114466913253771,2.879528226584609,209.55982108283808,16.945861172976485,0.6913747272029646,2.7488788892685503,11.061995635247433,37.004772027359365
6.1859832635983265,-0.18232671382361929,0.6842972876144503,0.0040624433042178556,5502108829643.477,0.8222931512970411,7.533523620309923,0.21535038472577078,0.11056196931946866,6.121612383456208,2.7463995422231933,403.2697016787877,18.122597401417643,0.659410530087789,2.6846956023748096,10.550568481404625,39.84769822180272
6.205857740585774,-0.20197651472051534,0.6687541113376481,0.0044742045487175955,6059791733602.968,0.6889741857499394,8.634530502573025,0.0879317742907889,0.1319561052441371,6.128765546824289,2.540061700487469,687.1967941544972,19.653628115942258,0.609868814287041,2.465915100230437,9.757901028592656,43.77686258756316
6.2257322175732215,-0.2216263156174114,0.6532109350608458,0.0048859657932173355,6617474637562.459,0.5945251128583214,9.898748679316094,0.03158854640510078,0.1529192765772672,6.135926406690418,2.4818984552539813,1071.99715242909,22.1547469500298,0.5959038191064812,2.634813445255159,9.534461105703699,49.55830868371954
6.245606694560669,-0.24127611651430747,0.6376677587840436,0.005297727037717076,7175157541521.953,0.5227626424940335,11.079225604212686,0.01001707817210179,0.1739113371444676,6.1430949663616685,2.5659856534307024,1580.5374260350056,25.40340488849328,0.6160931553887116,3.2609291348674345,9.857490486219385,56.48213596157931
6.265481171548117,-0.2661590902890498,0.6284408898515083,0.0057094882822168345,7732840445481.468,0.4600185081157632,12.227669176873466,0.0023206702396347256,0.1976319399358474,6.150271229119531,2.6649672451090196,2324.9123340736132,28.802090835255573,0.6398586355506756,4.012296902426455,10.23773816881081,63.630551957769455
6.285355648535565,-0.2925271536642608,0.621006486516671,0.0061212495267165745,8290523349440.961,0.4090415326095902,13.188656924370058,0.00044439811405783125,0.22226190476380275,6.157455198219889,2.7334205298535585,3314.7002412862867,31.622277699265883,0.6562942692178394,4.6403633121174375,10.50070830748543,69.58113757279496
6.305230125523012,-0.3188952170394717,0.6135720831818339,0.006533010771216315,8848206253400.453,0.3676419886490933,14.014524455779064,7.434404324102584e-05,0.2472904428011038,6.16464687689285,2.785507120446842,4575.989808250759,34.044620722071436,0.6688002596192864,5.185840781988592,10.700804153908582,74.69776127656391
6.325104602510461,-0.34526328041468385,0.6061376798469963,0.0069447720157160735,9405889157359.969,0.33325555371196636,14.764965205255248,1.0883506061654113e-05,0.2728067069030458,6.171846268342458,2.8321283103250625,6158.032439041504,36.27878240681543,0.6799940073090474,5.70518833908058,10.879904116944758,79.40748773553416
6.344979079497908,-0.3716313437898948,0.598703276512159,0.0073565332602158135,9963572061319.459,0.30419985939125377,15.464851681755196,1.3948549260067722e-06,0.2988638796455887,6.179053375746825,2.877310488876711,8115.416733878829,38.410549534818315,0.6908422483792982,6.221929185529374,11.053475974068771,83.88628045433332
6.364853556485356,-0.38452257537376794,0.583543214734805,0.007768294504715554,10521254965278.953,0.28571210874907416,15.812391362994962,3.327057448987425e-07,0.31820265008494236,6.186268202257734,2.960474528212549,9817.830030545245,40.036038210193105,0.7108099342238334,6.8273049591896875,11.372958947581335,87.10171361530765
6.384728033472803,-0.3928582581831049,0.5657716627796991,0.008180055749215294,11078937869238.443,0.27052594781106404,16.044899876848177,9.343587015209209e-08,0.33606517563634025,6.193490751000597,3.0616399745045078,11592.795221865767,41.54351071459676,0.7350997578785324,7.504571349448931,11.761596126056519,89.99916348139661
6.404602510460251,-0.4011939409924419,0.5480001108245933,0.008591816993715034,11636620773197.936,0.25604585240928257,16.27251278564583,2.3905682988711874e-08,0.355070583295325,6.2007210250743405,3.1692130928387043,13704.875952592281,43.098515999307445,0.760928063590573,8.234047772714797,12.174849017449167,92.98992486008139
6.424476987447699,-0.4095296238017792,0.5302285588694867,0.009003578238214793,12194303677157.453,0.24222197236630366,16.495575039466242,5.51481083022054e-09,0.37533486032318375,6.207959027551138,3.2838720033771174,16225.610068904245,44.70592773114046,0.7884576680108459,9.01913292550997,12.615322688173535,96.08446078627412
6.4443514644351465,-0.41786530661111615,0.5124570069143808,0.009415339482714533,12751986581116.945,0.22900918593686984,16.71438566220787,1.144973005295924e-09,0.3969899713558857,6.215204761476436,3.406380441181435,19244.034774606567,46.371032397667236,0.8178719439276624,9.863405089928046,13.085951102842598,99.29402045378662
6.464225941422594,-0.4343517447591395,0.5029782684226,0.009827100727214273,13309669485076.436,0.2157999335679949,17.098893495669813,1.539879335155092e-10,0.42128998217076413,6.22245822986866,3.4793784476726404,23052.287087462402,48.07792208928299,0.8353987652862014,10.529682240003668,13.366380244579222,102.74088591430953
6.4841004184100415,-0.454074512232818,0.496792264688316,0.010238861971714013,13867352389035.928,0.20349360379100487,17.538570378290597,1.534883331544279e-11,0.4467676058196154,6.229719435719122,3.531526835201201,27556.7912621946,49.77731217641471,0.8479195931318079,11.121046737267207,13.566713490108926,106.22703383943124
6.50397489539749,-0.47379727970649727,0.4906062609540317,0.010650623216213772,14425035292995.445,0.19226335864600202,17.965795038037303,0.0,0.4728636324964312,6.236988381991878,3.5848869551920273,32749.46845725881,51.470224245900226,0.8607313579416062,11.726669059762797,13.771701727065699,109.69301140313107
6.523849372384937,-0.49352004718017567,0.4844202572197477,0.011062384460713512,14982718196954.938,0.18197264827647833,18.381642575792263,0.0,0.4996044791697643,6.244265071623563,3.639535194279575,38715.803295179954,53.1597094759625,0.8738524001465253,12.347301272666748,13.981638402344405,113.14553843112894
6.543723849372385,-0.5101547661525732,0.4770475894269313,0.011474145705213252,15540401100914.43,0.17314199127870156,18.72675773052357,0.0,0.5250855063747679,6.25154950752325,3.7047086429115694,45051.79355285066,54.756181748586634,0.8895005451630671,13.001167419579733,14.232008722609073,116.37066205049769
6.563598326359832,-0.52597433235401,0.46936167768891435,0.011885906949712992,16098084004873.92,0.16504369219488826,19.049094253057703,0.0,0.5508501958254691,6.258841692572274,3.774411611826433,52135.68708021965,56.341649110465,0.9062362279995272,13.681186659076399,14.499779647992435,119.5604547091822
6.583472803347281,-0.5417938985554476,0.46167576595089704,0.012297668194212751,16655766908833.438,0.15743838123464662,19.365310185201047,0.0,0.5774598890839309,6.266141629624165,3.8464183934147997,60202.22268550422,57.94366173671615,0.9235250562588926,14.384027314084445,14.776400900142281,122.77985249824215
6.603347280334728,-0.5576134647568844,0.4539898542128801,0.012709429438712491,17213449812792.93,0.1502819606308804,19.675763093629506,0.0,0.6049585045580733,6.273449321504369,3.9208525877940743,69380.30272174325,59.5639853470114,0.9413967063293576,15.110391572300616,15.062347301269721,126.03267735347913
6.623221757322176,-0.5705271160407522,0.44625859334581686,0.013121190683212231,17771132716752.42,0.1442676601963306,19.92664356035859,0.0,0.6301783091344891,6.280764771010221,3.9982316407560696,78607.15016952874,61.04212692443155,0.9599754169455335,15.820593502924943,15.359606671128535,128.97900012204488
6.643096234309623,-0.5831771998407074,0.4385232192971295,0.013532951927711971,18328815620711.91,0.13859254802050017,20.169130811790836,0.0,0.6559829620266805,6.288087980910647,4.078380027979263,88871.30157985831,62.52872311012759,0.9792190447178205,16.550714651750962,15.667504715485128,131.93890945494195
6.662970711297071,-0.5958272836406624,0.4307878452484422,0.013944713172211713,18886498524671.406,0.1331674783717715,20.408356751794532,0.0,0.6827068536320985,6.295418953946207,4.161413888489879,100415.02616618857,64.0400204138504,0.9991554746264193,17.30502227430598,15.986487594022709,134.94682905913618
6.682845188284519,-0.6084773674406181,0.4230524711997545,0.01435647441671147,19444181428630.92,0.12797613245104048,20.644457115164634,0.0,0.7104008257171981,6.302757692828762,4.2474934520288965,113401.35348989106,65.57754035567461,1.0198231778321392,18.08419803314408,16.317170845314227,138.00592545461612
6.7027196652719665,-0.6058071158984794,0.40714593144388506,0.01476823566121121,20001864332590.41,0.12365902523646877,20.611693730968828,0.0,0.7352018988622979,6.31010420024141,4.42379405689925,125991.01221457329,67.0712296594642,1.0621529530615101,19.219384573034603,16.994447248984162,140.8033091724583
6.722594142259414,-0.6030165901344744,0.3911752429226507,0.015179996905710952,20559547236549.906,0.1193113253363798,20.576817892663247,0.0,0.761992626508789,6.317458478838338,4.61520916778643,140599.48895092407,68.64539748032182,1.1081117211855211,20.417470123328826,17.72978753896834,143.76722102259166
6.742468619246862,-0.6002260643704692,0.3752045544014156,0.01559175815021071,21117230140509.42,0.11492646413970051,20.54192842635427,0.0,0.7910654073094985,6.3248205312445975,4.822942948567559,157681.31651522266,70.30993027197678,1.15798860195107,21.679563559739588,18.52781763121712,146.918376811354
6.76234309623431,-0.5982197606023152,0.359848607114373,0.01600351939471045,21674913044468.914,0.11054766820431054,20.520568999514932,0.0,0.822399528113861,6.3321903600560265,5.0405466231467875,177583.710054037,72.05201508762362,1.2102352442175437,22.973563814575414,19.3637639074807,150.24042726055166
6.782217573221757,-0.6070337659295628,0.3529745567937948,0.01641528063921019,22232595948428.402,0.10681474306197193,20.685269779113696,0.0,0.8511404658115953,6.339567967839025,5.150760457929183,197319.35349863867,73.53938552363863,1.2366975859487965,23.814497460049182,19.787161375180744,153.19138922563417
6.802092050209205,-0.6158477712568103,0.34610050647321666,0.01682704188370993,22790278852387.9,0.10319229631495129,20.848500602279053,0.0,0.8810187718648557,6.346953357130512,5.265373649243278,219347.52713102874,75.0605291889478,1.2642162131833117,24.679540180223498,20.227459410932987,156.20939750968608
6.821966527196652,-0.6246617765840579,0.3392264561526385,0.01723880312820967,23347961756347.387,0.099675448409537,21.010302295328632,0.0,0.9121037488767788,6.354346530437613,5.384654234054542,243961.42168156584,76.61728802400451,1.2928554815964952,25.56941576251908,20.685687705543923,159.29808906307542
6.841841004184101,-0.6332488214811792,0.3324149647297223,0.01765056437270943,23905644660306.906,0.09631286945325576,21.166703564095613,0.0,0.943948100408708,6.36174749023761,5.507854662176396,271046.5275927366,78.188438828055,1.3224359043885534,26.473913003390795,21.158974470216855,162.41439671765002
6.861715481171548,-0.6404751065682187,0.3259785502911703,0.01806232561720917,24463327564266.4,0.09335174001546652,21.297948035633063,0.0,0.9738902579668035,6.36915623897776,5.629743708722421,298359.9410097277,79.6570936510902,1.3517014644642529,27.336692520091173,21.627223431428046,165.32183797251753
6.881589958158996,-0.6477013916552581,0.3195421358526182,0.01847408686170891,25021010468225.887,0.09045883164232464,21.428283840923324,0.0,1.0050356445547421,6.3765727790751425,5.756569441571753,328674.24873076024,81.1618545889448,1.382152322921377,28.222583493493367,22.114437166742032,168.3010166631211
6.901464435146444,-0.6549276767422978,0.3131057214140659,0.018885848106208667,25578693372185.402,0.08763179038791444,21.5577306135849,0.0,1.0374585497211402,6.383997112916477,5.888636604725372,362363.3526326339,82.70463702460809,1.4138616487945619,29.13231675904168,22.62178638071299,171.3556688666603
6.9213389121338915,-0.6606577676521461,0.30667185959220955,0.019297609350708407,26136376276144.9,0.0850635572923425,21.660899093157603,0.0,1.0687814271964013,6.391429242857949,6.026221762380082,397108.61461716203,84.18831765740016,1.446895845147458,30.03115287884917,23.15033352235933,174.28453571066302
6.941213389121339,-0.6610307042901431,0.3002471374673554,0.019709370595208147,26694059180104.387,0.08322021849188586,21.672749150819183,0.0,1.092455076577058,6.398869171225135,6.16953294286359,425073.338764233,85.35377460964622,1.4813048595815494,30.82386921887233,23.70087775330479,176.5520076492081
6.9610878661087865,-0.6614036409281402,0.2938224153425012,0.020121131839707887,27251742084063.88,0.08137960269940837,21.684585900270783,0.0,1.1171638487978708,6.406316900312758,6.319143311571925,455631.8761586492,86.55463935139996,1.517226309108418,31.635554784483084,24.275620945734687,178.89028989038908
6.980962343096234,-0.6617765775661373,0.28739769321764697,0.02053289308420763,27809424988023.38,0.07954170302570562,21.696409389264648,0.0,1.1429771642672992,6.413772432384542,6.4754753824219735,489087.31292162713,87.79292928405022,1.5547616393195172,32.466937053233394,24.876186229112275,181.30325393222074
7.000836820083682,-0.6631020423961532,0.28088789494195143,0.020944654328707388,28367107891982.895,0.07757002554804514,21.724417070265734,0.0,1.1720293956716867,6.421235769673101,6.641003500796646,528566.2008027005,89.1523356939486,1.5945049405412763,33.35383520384822,25.51207904866042,183.96151357059762
7.02071129707113,-0.6662439563365306,0.2742158584251173,0.021356415573207128,28924790795942.383,0.07535380749637853,21.78317672343333,0.0,1.2064997534422128,6.428706914379679,6.818456292926756,577930.4921867399,90.71463539656611,1.637111355931713,34.33237649723215,26.193781694907408,187.0312507937877
7.040585774058577,-0.6693858702769079,0.26754382190828324,0.021768176817706868,29482473699901.875,0.07315942687286812,21.84174191257826,0.0,1.2426881134990015,6.4361858686741105,7.00479431753306,632980.3538366688,92.33006956413743,1.6818511156396885,35.33860509279395,26.909617850235016,190.20608755118832
7.060460251046026,-0.6725277842172853,0.2608717853914489,0.022179938062206625,30040156603861.39,0.07098655617872072,21.90011469594555,0.0,1.2807263101540005,6.443672634694561,7.200699433376192,694516.5095453546,94.00203932298194,1.7288879339536247,36.37382078492866,27.662206943257996,193.49256960163697
7.080334728033473,-0.6750931444473719,0.2543802197225773,0.022591699306706365,30597839507820.88,0.06894343725911424,21.94850525497316,0.0,1.3186802657318029,6.451167214547397,7.401668607009832,759874.3096812617,95.65406187480113,1.7771406325430625,37.398363777860446,28.434250120689,196.7368784775601
7.100209205020921,-0.6768602440685317,0.2481385228281438,0.02300346055120611,31155522411780.38,0.06706422384120216,21.98323138364544,0.0,1.3556311391985085,6.458669610307071,7.605532901102544,827479.7784593252,97.25210801630239,1.82608844955472,38.39407309226747,29.21741519287552,199.8707243212401
7.120083682008368,-0.6786273436896917,0.2418968259337103,0.02341522179570585,31713205315739.867,0.06519549540816104,22.017884240829176,0.0,1.3944882172631237,6.466179824015813,7.8199570016904625,902790.0137790237,98.90791236123155,1.8775716761058803,39.417653685129594,30.041146817694084,203.11820169449513
7.139958158995816,-0.6803944433108515,0.2356551290392768,0.02382698304020559,32270888219699.36,0.06333716173454448,22.052464326925758,0.0,1.435402971581649,6.473697857683628,8.045780079048203,986899.7024513441,100.62529506420097,1.9317917969794736,40.4706030432728,30.908668751671577,206.48665016129112
7.159832635983264,-0.6812872936457535,0.23250142955577333,0.024238744284705346,32828571123658.875,0.06240213872458232,22.069908854520868,0.0,1.4569108050378152,6.481223713288077,8.173897706951697,1034331.0457106137,101.58179111576473,1.9625528394391047,41.05450189585918,31.400845431025676,208.36216738743622
7.1797071129707115,-0.6812872936457535,0.23250142955577333,0.024650505529205086,33386254027618.363,0.06240213872458232,22.069908854520868,0.0,1.4569108050378152,6.488757392774071,8.192911188902103,1036737.0257428373,101.71132645213238,1.9671179764553974,41.13575780857289,31.47388762328636,208.61510498397314
7.199581589958159,-0.6812872936457535,0.23250142955577333,0.025062266773704826,33943936931577.86,0.06240213872458232,22.069908854520868,0.0,1.4569108050378152,6.496298898053744,8.211966544155757,1039148.3044537433,101.84099275242214,1.9716931672517983,41.217027037052276,31.547090676028773,208.8683017513725
7.2194560669456065,-0.6812872936457535,0.23250142955577333,0.025474028018204566,34501619835537.348,0.06240213872458232,22.069908854520868,0.0,1.4569108050378152,6.503848231006252,8.231063846374393,1041564.8911645428,101.97079008989212,1.9762784295144902,41.29830956123727,31.620454872231843,209.12175773878405
7.239330543933054,-0.6812872936457535,0.23250142955577333,0.025885789262704306,35059302739496.84,0.06240213872458232,22.069908854520868,0.0,1.4569108050378152,6.511405393477659,8.250203169229499,1043986.79519768,102.10071853694521,1.980873780932005,41.379605362128856,31.69398049491208,209.37547299427092
7.259205020920502,-0.6812872936457535,0.23250142955577333,0.026297550507204066,35616985643456.36,0.06240213872458232,22.069908854520868,0.0,1.4569108050378152,6.51897038728072,8.269384586401339,1046414.0258767093,102.23077816512598,1.9854792391949627,41.460914421781105,31.767667827119404,209.6294475648013
7.27907949790795,-0.6812872936457535,0.23250142955577333,0.026709311751703806,36174668547415.85,0.06240213872458232,22.069908854520868,0.0,1.4569108050378152,6.526543214194724,8.288608171578112,1048846.59252619,102.36096904511876,1.9900948219959025,41.54223672329526,31.84151715193444,209.88368149624475
7.298953974895397,-0.6812872936457535,0.23250142955577333,0.027121072996203546,36732351451375.34,0.06240213872458232,22.069908854520868,0.0,1.4569108050378152,6.53412387596536,8.307873998455172,1051284.5044715866,102.4912912467459,1.9947205470290852,41.623572250812984,31.915528752465363,210.1381748333676
7.318828451882846,-0.6812872936457535,0.23250142955577333,0.027532834240703304,37290034355334.86,0.06240213872458232,22.069908854520868,0.0,1.4569108050378152,6.541712374304483,8.327182140733996,1053727.7710391388,102.62174483896466,1.9993564319902337,41.704920989508786,31.98970291184374,210.39292761982466
7.338702928870293,-0.6812872936457535,0.23250142955577333,0.027944595485203044,37847717259294.35,0.06240213872458232,22.069908854520868,0.0,1.4569108050378152,6.549308710890003,8.34653267212146,1056176.4015557687,102.75232988986589,2.0040024945763633,41.78628292558385,32.06403991322181,210.64793989815618
7.358577405857741,-0.6812872936457535,0.23250142955577333,0.028356356729702784,38405400163253.84,0.06240213872458232,22.069908854520868,0.0,1.4569108050378152,6.556912887365703,8.365925666328913,1058630.4053489645,102.88304646667183,2.008658752485572,41.86765804625931,32.138540039769154,210.9032117097821
7.378451882845188,-0.6812872936457535,0.23250142955577333,0.028768117974202524,38963083067213.336,0.06240213872458232,22.069908854520868,0.0,1.4569108050378152,6.564524905341025,8.385361197071168,1061089.7917466536,103.01389463573261,2.0133252234167878,41.94904633976859,32.213203574668604,211.15874309499475
7.398326359832636,-0.6812872936457535,0.23250142955577333,0.029179879218702263,39520765971172.82,0.06240213872458232,22.069908854520868,0.0,1.4569108050378152,6.572144766390956,8.404839338065791,1063554.5700771103,103.14487446252582,2.0180019250695977,42.030447795351385,32.288030801113564,211.41453409295585
7.418200836820084,-0.6812872936457535,0.23250142955577333,0.029591640463202024,40078448875132.35,0.06240213872458232,22.069908854520868,0.0,1.4569108050378152,6.5797724720558435,8.424360163032109,1066024.7496688336,103.27598601165333,2.02268887514401,42.11186240324643,32.36302200230416,211.6705847416892
7.4380753138075315,-0.6812872936457535,0.23250142955577333,0.030003401707701764,40636131779091.836,0.06240213872458232,22.069908854520868,0.0,1.4569108050378152,6.5874080238411254,8.443923745690094,1068500.3398504027,103.4072293468378,2.027386091340193,42.193290154683616,32.43817746144309,211.9268950780733
7.457949790794979,-0.6812872936457535,0.23250142955577333,0.030415162952201504,41193814683051.33,0.06240213872458232,22.069908854520868,0.0,1.4569108050378152,6.595051423217365,8.463530159759975,1070981.3499504298,103.538604530924,2.0320935913583686,42.2747310418793,32.5134974617339,212.18346513784178
7.477824267782427,-0.6812872936457535,0.23250142955577333,0.03082692419670126,41751497587010.84,0.06240213872458232,22.069908854520868,0.0,1.4569108050378152,6.602702671619856,8.483179478960729,1073467.7892973686,103.67011162587264,2.0368113928984686,42.35618505802704,32.5889822863755,212.44029495557137
7.497698744769875,-0.6812872936457535,0.23250142955577333,0.031238685441201,42309180490970.33,0.06240213872458232,22.069908854520868,0.0,1.4569108050378152,6.610361770448603,8.502871777009569,1075959.6672194495,103.8017506927607,2.04153951366,42.43765219729212,32.66463221856,212.6973845646801
7.517573221757322,-0.6812872936457535,0.23250142955577333,0.031650446685700745,42866863394929.83,0.06240213872458232,22.069908854520868,0.0,1.4569108050378152,6.618028721068064,8.522607127620791,1078456.9930445345,103.93352179177816,2.0462779713417523,42.519132454803476,32.740447541468036,212.9547339974192
7.53744769874477,-0.6812872936457535,0.23250142955577333,0.03206220793020048,43424546298889.32,0.06240213872458232,22.069908854520868,0.0,1.4569108050378152,6.625703524807023,8.542385604504966,1080959.7761000127,104.0654249822261,2.0510267836416447,42.6006258266479,32.816428538266315,213.21234328487046
7.557322175732217,-0.6812872936457535,0.23250142955577333,0.032473969174700225,43982229202848.81,0.06240213872458232,22.069908854520868,0.0,1.4569108050378152,6.633386182958354,8.562207281367819,1083468.0257126617,104.19746032251359,2.0557859682564135,42.68213230986146,32.892575492102615,213.47021245693654
7.577196652719666,-0.6812872936457535,0.23250142955577333,0.03288573041919998,44539912106808.33,0.06240213872458232,22.069908854520868,0.0,1.4569108050378152,6.641076696778931,8.582072231909523,1085981.751208555,104.32962787015707,2.0605555428814775,42.763651902424165,32.96888868610364,213.72834154233945
7.597071129707113,-0.6812872936457535,0.23250142955577333,0.033297491663699726,45097595010767.83,0.06240213872458232,22.069908854520868,0.0,1.4569108050378152,6.648775067489371,8.601980529823516,1088500.9619129156,104.4619276817765,2.0653355252106262,42.84518460325144,33.04536840337002,213.9867305686113
7.616945606694561,-0.6812872936457535,0.23250142955577333,0.03370925290819946,45655277914727.31,0.06240213872458232,22.069908854520868,0.0,1.4569108050378152,6.656481296273879,8.621932248795611,1091025.6671499992,104.59435981309342,2.0701259329358273,42.92673041218776,33.122014926973236,214.24537956209036
7.636820083682009,-0.6812872936457535,0.23250142955577333,0.03412101415269922,46212960818686.82,0.06240213872458232,22.069908854520868,0.0,1.4569108050378152,6.664195384280148,8.64192746250321,1093555.8762430004,104.72692431893029,2.074926783747021,43.00828932999992,33.19882853995234,214.50428854791656
7.656694560669456,-0.6812872936457535,0.23250142955577333,0.03453277539719894,46770643722646.3,0.06240213872458232,22.069908854520868,0.0,1.4569108050378152,6.671917332619011,8.661966244613902,1096091.5985138693,104.85962125320495,2.0797380953317997,43.08986135836858,33.275809525308794,214.76345755002131
7.676569037656904,-0.6812872936457535,0.23250142955577333,0.0349445366416987,47328326626605.81,0.06240213872458232,22.069908854520868,0.0,1.4569108050378152,6.679647142364501,8.682048668785093,1098632.843283268,104.99245066893272,2.084559885375302,43.17144649988325,33.35295816600483,215.02288659112875
7.6964435146443515,-0.6812872936457535,0.23250142955577333,0.03535629788619844,47886009530565.31,0.06240213872458232,22.069908854520868,0.0,1.4569108050378152,6.687384814553364,8.70217480866222,1101179.6198703442,105.1254126182186,2.0893921715597985,43.25304475803223,33.430274744956776,215.28257569274007
7.716317991631799,-0.6812872936457535,0.23250142955577333,0.03576805913069818,48443692434524.79,0.06240213872458232,22.069908854520868,0.0,1.4569108050378152,6.695130350185226,8.722344737878649,1103731.9375927201,105.25850715226112,2.094234971564661,43.33465613719887,33.507759545034574,215.5425248751391
7.736192468619247,-0.6812872936457535,0.23250142955577333,0.036179820375197944,49001375338484.31,0.06240213872458232,22.069908854520868,0.0,1.4569108050378152,6.702883750222114,8.74255853005391,1106289.8057662642,105.39173432134466,2.099088303065946,43.41628064265153,33.58541284905514,215.80273415737716
7.756066945606695,-0.6812872936457535,0.23250142955577333,0.03659158161969768,49559058242443.805,0.06240213872458232,22.069908854520868,0.0,1.4569108050378152,6.710645015588483,8.762816258793237,1108853.2337050368,105.52509417484107,2.1039521837362583,43.49791828053803,33.66323493978013,216.06320355727266
7.775941422594142,-0.6812872936457535,0.23250142955577333,0.037003342864197424,50116741146403.3,0.06240213872458232,22.069908854520868,0.0,1.4569108050378152,6.718414147170865,8.783117997686078,1111422.2307211016,105.65858676120406,2.108826631244427,43.579569057877315,33.74122609991083,216.32393309140082
7.795815899581591,-0.6812872936457535,0.23250142955577333,0.03741510410869718,50674424050362.81,0.06240213872458232,22.069908854520868,0.0,1.4569108050378152,6.72619114581785,8.803463820305542,1113996.8061244532,105.79221212796996,2.113711663255364,43.661232982553734,33.81938661208582,216.5849227750935
7.815690376569037,-0.6812872936457535,0.23250142955577333,0.0378268653531969,51232106954322.28,0.06240213872458232,22.069908854520868,0.0,1.4569108050378152,6.733976012339776,8.823853800206996,1116576.9692228432,105.92597032175293,2.1186072974296977,43.74291006330795,33.89771675887516,216.84617262242662
7.835564853556486,-0.6812872936457535,0.23250142955577333,0.03823862659769666,51789789858281.8,0.06240213872458232,22.069908854520868,0.0,1.4569108050378152,6.741768747508635,8.844288010927308,1119162.72932168,106.0598613882445,2.123513551423647,43.82460030973167,33.976216822778355,217.10768264622115
7.855439330543933,-0.6812872936457535,0.23250142955577333,0.0386503878421964,52347472762241.28,0.06240213872458232,22.069908854520868,0.0,1.4569108050378152,6.749569352057844,8.864766525983656,1121754.0957238823,106.19388537221018,2.128430442888675,43.9063037322588,34.0548870862188,217.36945285803162
7.875313807531381,-0.6812872936457535,0.23250142955577333,0.03906214908669614,52905155666200.78,0.06240213872458232,22.069908854520868,0.0,1.4569108050378152,6.757377826682054,8.885289418872471,1124351.0777297427,106.32804231748698,2.133357989471279,43.988020342158876,34.13372783154046,217.63148326814235
7.895188284518829,-0.6812872936457535,0.23250142955577333,0.0394739103311959,53462838570160.3,0.06240213872458232,22.069908854520868,0.0,1.4569108050378152,6.765194172036949,8.905856763068353,1126953.6846367908,106.46233226698104,2.13829620881271,44.06975015152926,34.21273934100336,217.89377388556028
7.9150627615062765,-0.6812872936457535,0.23250142955577333,0.03988567157569564,54020521474119.8,0.06240213872458232,22.069908854520868,0.0,1.4569108050378152,6.773018388739176,8.926468632023301,1129561.925739697,106.59675526266706,2.143245118548794,44.15149317328915,34.29192189678071,218.15632471801283
7.934937238493724,-0.6812872936457535,0.23250142955577333,0.04029743282019538,54578204378079.27,0.06240213872458232,22.069908854520868,0.0,1.4569108050378152,6.780850477366024,8.947125099165296,1132175.8103300917,106.73131134558353,2.1482047363095864,44.23324942117072,34.37127578095338,218.41913577193665
7.954811715481172,-0.6812872936457535,0.23250142955577333,0.040709194064695135,55135887282038.79,0.06240213872458232,22.069908854520868,0.0,1.4569108050378152,6.7886904384552675,8.967826237897297,1134795.3476964408,106.86600055583102,2.153175079719141,44.315018909712336,34.45080127550626,218.68220705247384
7.974686192468619,-0.6812872936457535,0.23250142955577333,0.04112095530919486,55693570185998.26,0.06240213872458232,22.069908854520868,0.0,1.4569108050378152,6.796538272505015,8.988572121596283,1137420.54712392,107.00082293257044,2.1581561663952655,44.39680165425131,34.53049866232425,218.94553856346604
7.994560669456067,-0.6812872936457535,0.23250142955577333,0.041532716553694615,56251253089957.77,0.06240213872458232,22.069908854520868,0.0,1.4569108050378152,6.804393979973616,9.009362823612372,1140051.417894308,107.13577851402204,2.1631480139493293,44.47859767091784,34.61036822318927,219.20913030745206
8.014435146443514,-0.6812872936457535,0.23250142955577333,0.04194447779819434,56808935993917.25,0.06240213872458232,22.069908854520868,0.0,1.4569108050378152,6.81225756127918,9.030198417267,1142687.9692857524,107.27086733745836,2.168150639985807,44.56040697662436,34.69041023977291,219.47298228565165
8.034309623430962,-0.6812872936457535,0.23250142955577333,0.042356239042694095,57366618897876.766,0.06240213872458232,22.069908854520868,0.0,1.4569108050378152,6.820129016799719,9.05107897585265,1145330.2105727398,107.40608943920707,2.1731640621022206,44.642229589061536,34.77062499363553,219.73709449797002
8.05418410041841,-0.6812872936457535,0.23250142955577333,0.04276800028719386,57924301801836.29,0.06240213872458232,22.069908854520868,0.0,1.4569108050378152,6.828008346872747,9.072004572631236,1147978.1510258855,107.54144485464532,2.1781882978887617,44.72406552668906,34.85101276622019,220.00146694298635
8.074058577405857,-0.6812872936457535,0.23250142955577333,0.04317976153169358,58481984705795.75,0.06240213872458232,22.069908854520868,0.0,1.4569108050378152,6.835895551795205,9.09297528083325,1150631.7999118306,107.67693361819916,2.1832233649280637,44.805914808728964,34.93157383884902,220.2660996179487
8.093933054393306,-0.6812872936457535,0.23250142955577333,0.04359152277619334,59039667609755.266,0.06240213872458232,22.069908854520868,0.0,1.4569108050378152,6.843790631823179,9.11399117365642,1153291.1664930691,107.81255576333938,2.188269280794906,44.88777745515765,35.012308492718496,220.53099251876748
8.113807531380754,-0.6812872936457535,0.23250142955577333,0.0440032840206931,59597350513714.78,0.06240213872458232,22.069908854520868,0.0,1.4569108050378152,6.85169358717181,9.135052324264848,1155956.2600278412,107.9483113225811,2.193326063055989,44.96965348669935,35.09321700889583,220.79614564001076
8.1336820083682,-0.6812872936457535,0.23250142955577333,0.04441504526519282,60155033417674.25,0.06240213872458232,22.069908854520868,0.0,1.4569108050378152,6.859604418014957,9.156158805787483,1158627.0897699378,108.0842003274786,2.1983937292695757,45.05154292481707,35.17429966831321,221.06155897489427
8.153556485355649,-0.6812872936457535,0.23250142955577333,0.04482680650969258,60712716321633.766,0.06240213872458232,22.069908854520868,0.0,1.4569108050378152,6.867523124485221,9.177310691317565,1161303.664968631,108.2202228086268,2.203472296985348,45.13344579170758,35.25555675176557,221.3272325152813
8.173430962343097,-0.6812872936457535,0.23250142955577333,0.045238567754192334,61270399225593.28,0.06240213872458232,22.069908854520868,0.0,1.4569108050378152,6.875449706673538,9.198508053910896,1163985.9948684555,108.35637879565485,2.2085617837440066,45.21536211029165,35.336988539904105,221.5931662516705
8.193305439330544,-0.6812872936457535,0.23250142955577333,0.04565032899869206,61828082129552.75,0.06240213872458232,22.069908854520868,0.0,1.4569108050378152,6.88338416462914,9.219750966585094,1166674.0887091157,108.4926683172266,2.213662207077082,45.29729190420816,35.41859531323331,221.85936017319375
8.213179916317992,-0.6812872936457535,0.23250142955577333,0.046062090243191814,62385765033512.26,0.06240213872458232,22.069908854520868,0.0,1.4569108050378152,6.891326498359233,9.2410395023181,1169367.9557252931,108.62909140103586,2.218773584506575,45.37923519780528,35.5003773521052,222.12581426760588
8.233054393305439,-0.6812872936457535,0.23250142955577333,0.046473851487691537,62943447937471.734,0.06240213872458232,22.069908854520868,0.0,1.4569108050378152,6.89927670782893,9.26237373404733,1172067.6051465436,108.76564807380582,2.223895933544764,45.46119201613441,35.58233493671622,222.39252852128266
8.252928870292887,-0.6812872936457535,0.23250142955577333,0.046885612732191294,63501130841431.25,0.06240213872458232,22.069908854520868,0.0,1.4569108050378152,6.907234792960984,9.283753734668341,1174773.0461971224,108.90233836128584,2.2290292716938676,45.54316238494178,35.66446834710188,222.6595029192124
8.272803347280334,-0.6812872936457535,0.23250142955577333,0.047297373976691016,64058813745390.71,0.06240213872458232,22.069908854520868,0.0,1.4569108050378152,6.915200753635653,9.305179577033767,1177484.2880958572,109.03916228824964,2.2341736164458057,45.625146330661735,35.74677786313289,222.92673744499064
8.292677824267782,-0.6812872936457535,0.23250142955577333,0.047709135221190774,64616496649350.23,0.06240213872458232,22.069908854520868,0.0,1.4569108050378152,6.923174589690369,9.326651333951789,1180201.3400559488,109.17611987849062,2.2393289852818246,45.70714388040773,35.82926376450919,223.1942320808103
8.31255230125523,-0.6812872936457535,0.23250142955577333,0.04812089646569054,65174179553309.75,0.06240213872458232,22.069908854520868,0.0,1.4569108050378152,6.931156300919676,9.348169078185299,1182924.2112848673,109.31321115482156,2.24449539567229,45.78915506196603,35.91192633075664,223.46198680745871
8.332426778242677,-0.6812872936457535,0.23250142955577333,0.048532657710190254,65731862457269.21,0.06240213872458232,22.069908854520868,0.0,1.4569108050378152,6.939145887075063,9.369732882450773,1185652.9109842083,109.45043613907274,2.24967286507643,45.87117990378888,35.99476584122288,223.73000160431332
8.352301255230126,-0.6812872936457535,0.23250142955577333,0.04894441895469002,66289545361228.734,0.06240213872458232,22.069908854520868,0.0,1.4569108050378152,6.947143347864577,9.391342819416543,1188387.4483494782,109.58779485208616,2.254861410941913,45.95321843498465,36.07778257507061,223.998276449328
8.372175732217574,-0.6812872936457535,0.23250142955577333,0.049356180199189775,66847228265188.25,0.06240213872458232,22.069908854520868,0.0,1.4569108050378152,6.955148682952855,9.412998961702218,1191127.8325700134,109.7252873137169,2.2600610507047025,46.03527068531281,36.16097681127524,224.26681131903476
8.39205020920502,-0.6812872936457535,0.23250142955577333,0.0497679414436895,67404911169147.72,0.06240213872458232,22.069908854520868,0.0,1.4569108050378152,6.9631618919607625,9.434701381877,1193874.072828775,109.86291354282798,2.265271801788666,46.117336685174706,36.244348828618655,224.5356061885318
8.411924686192469,-0.6812872936457535,0.23250142955577333,0.050179702688189255,67962594073107.234,0.06240213872458232,22.069908854520868,0.0,1.4569108050378152,6.971182974465242,9.456450152458578,1196626.1783022056,110.00067355728821,2.2704936816053074,46.199416465606575,36.32789890568492,224.80466103147856
8.431799163179917,-0.6812872936457535,0.23250142955577333,0.05059146393268901,68520276977066.75,0.06240213872458232,22.069908854520868,0.0,1.4569108050378152,6.979211929999187,9.4782453459121,1199384.1581600984,110.13856737397153,2.2757267075534964,46.28151005827222,36.41162732085594,225.0739758200909
8.451673640167364,-0.6812872936457535,0.23250142955577333,0.051003225177188735,69077959881026.22,0.06240213872458232,22.069908854520868,0.0,1.4569108050378152,6.9872487580511065,9.500087034648558,1202148.0215653928,110.27659500875157,2.2809708970191185,46.3636174954548,36.495534352305896,225.34355052513166
8.471548117154812,-0.6812872936457535,0.23250142955577333,0.05141498642168849,69635642784985.734,0.06240213872458232,22.069908854520868,0.0,1.4569108050378152,6.995293458065058,9.521975291023887,1204917.7776740633,110.41475647650178,2.286226267374835,46.44573881005011,36.57962027799736,225.6133851159071
8.49142259414226,-0.6812872936457535,0.23250142955577333,0.05182674766618825,70193325688945.25,0.06240213872458232,22.069908854520868,0.0,1.4569108050378152,7.003346029440359,9.543910187337477,1207693.4356349271,110.55305179109122,2.2914928359797293,46.527874035558256,36.66388537567567,225.88347956025845
8.511297071129707,-0.6812872936457535,0.23250142955577333,0.05223850891068797,70751008592904.72,0.06240213872458232,22.069908854520868,0.0,1.4569108050378152,7.011406471531446,9.565891795831059,1210475.0045895071,110.69148096538281,2.296770620179037,46.6100232060765,36.74832992286459,226.1538338245562
8.531171548117156,-0.6812872936457535,0.23250142955577333,0.05265027015518773,71308691496864.23,0.06240213872458232,22.069908854520868,0.0,1.4569108050378152,7.019474783647584,9.5879201886872,1213262.4936718377,110.8300440112297,2.3020596373037945,46.69218635629102,36.83295419686071,226.42444787369166
8.551046025104602,-0.6812872936457535,0.23250142955577333,0.05306203139968745,71866374400823.7,0.06240213872458232,22.069908854520868,0.0,1.4569108050378152,7.027550965052786,9.609995438028337,1216055.9120083463,110.96874093947449,2.3073599046706037,46.7743635214705,36.91775847472966,226.69532167107437
8.57092050209205,-0.6812872936457535,0.23250142955577333,0.05347379264418721,72424057304783.22,0.06240213872458232,22.069908854520868,0.0,1.4569108050378152,7.035635014965533,9.632117615915307,1218855.268717663,111.10757175994527,2.312671439581264,46.856554737457415,37.00274303330023,226.9664551786216
8.590794979079497,-0.6812872936457535,0.23250142955577333,0.05388555388868693,72981740208742.67,0.06240213872458232,22.069908854520868,0.0,1.4569108050378152,7.0437269325586005,9.65428679434609,1221660.5729104662,111.2465364814538,2.317994259322495,46.93876004066104,37.08790814915992,227.23784835675414
8.610669456066946,-0.6812872936457535,0.23250142955577333,0.0542973151331867,73539423112702.2,0.06240213872458232,22.069908854520868,0.0,1.4569108050378152,7.051826716958816,9.676503045254433,1224471.8336893055,111.3856351117919,2.323328381165589,47.02097946804938,37.17325409864942,227.50950116438787
8.630543933054394,-0.6812872936457535,0.23250142955577333,0.054709076377686454,74097106016661.72,0.06240213872458232,22.069908854520868,0.0,1.4569108050378152,7.059934367246894,9.69876644050864,1227289.0601484482,111.52486765772987,2.328673822366125,47.10321305714186,37.258781157858,227.7814135589283
8.65041841004184,-0.6812872936457535,0.23250142955577333,0.055120837622186176,74654788920621.19,0.06240213872458232,22.069908854520868,0.0,1.4569108050378152,7.068049882457245,9.721077051910267,1230112.2613737176,111.66423412501389,2.334030600163653,47.1854608460017,37.344489602618445,228.053585496264
8.670292887029289,-0.6812872936457535,0.23250142955577333,0.055532598866685934,75212471824580.7,0.06240213872458232,22.069908854520868,0.0,1.4569108050378152,7.076173261577727,9.743434951192722,1232941.4464423105,111.80373451836266,2.3393987317813734,47.26772287322834,37.430379708501974,228.3260169307597
8.690167364016737,-0.6812872936457535,0.23250142955577333,0.05594436011118569,75770154728540.22,0.06240213872458232,22.069908854520868,0.0,1.4569108050378152,7.084304503549422,9.765840210019844,1235776.6244226224,111.94336884146468,2.3447782344257653,47.34999917794883,37.516451750812244,228.598707815247
8.710041841004184,-0.6812872936457535,0.23250142955577333,0.056356121355685414,76327837632499.69,0.06240213872458232,22.069908854520868,0.0,1.4569108050378152,7.092443607266551,9.78829289998491,1238617.8043741197,112.08313709697745,2.3501691252863752,47.43228979981212,37.602706004582004,228.87165810102346
8.729916317991632,-0.6812872936457535,0.23250142955577333,0.05676788260018517,76885520536459.2,0.06240213872458232,22.069908854520868,0.0,1.4569108050378152,7.100590571576154,9.810793092608975,1241464.9953471303,112.22303928652299,2.3555714215354167,47.51459477898,37.68914274456667,229.14486773784165
8.74979079497908,-0.6812872936457535,0.23250142955577333,0.05717964384468493,77443203440418.72,0.06240213872458232,22.069908854520868,0.0,1.4569108050378152,7.1087453952778645,9.833340859339483,1244318.2063826644,112.3630754106849,2.360985140327411,47.59691415611902,37.775762245238575,229.41833667390063
8.769665271966527,-0.6812872936457535,0.23250142955577333,0.05759140508918465,78000886344378.19,0.06240213872458232,22.069908854520868,0.0,1.4569108050378152,7.116908077123847,9.855936271549261,1247177.4465122942,112.50324546900822,2.366410298798979,47.679247972394656,37.862564780783664,229.6920648558455
8.789539748953976,-0.6812872936457535,0.23250142955577333,0.05800316633368441,78558569248337.7,0.06240213872458232,22.069908854520868,0.0,1.4569108050378152,7.125078615818383,9.878579400534635,1250042.7247579081,112.64354945999312,2.3718469140683656,47.761596269461414,37.94955062509385,229.96605222875274
8.809414225941422,-0.6812872936457535,0.23250142955577333,0.05841492757818413,79116252152297.16,0.06240213872458232,22.069908854520868,0.0,1.4569108050378152,7.133257010017891,9.901270317514644,1252914.050131616,112.78398738109632,2.3772950032352664,47.843959089457464,38.03672005176426,230.24029873613188
8.82928870292887,-0.6812872936457535,0.23250142955577333,0.05882668882268389,79673935056256.67,0.06240213872458232,22.069908854520868,0.0,1.4569108050378152,7.141443258330538,9.924009093629172,1255791.4316355118,112.92455922872516,2.382754583380362,47.92633647499507,38.12407333408579,230.5148043199114
8.849163179916317,-0.6812872936457535,0.23250142955577333,0.05923845006718361,80231617960216.16,0.06240213872458232,22.069908854520868,0.0,1.4569108050378152,7.149637359316049,9.946795799937613,1258674.8782615033,113.06526499823539,2.3882256715650207,48.008728469153425,38.21161074504033,230.7895689204341
8.869037656903766,-0.6812872936457535,0.23250142955577333,0.05965021131168337,80789300864175.67,0.06240213872458232,22.069908854520868,0.0,1.4569108050378152,7.157839311485665,9.969630507417929,1261564.3989911943,113.20610468393131,2.3937082848310465,48.09113511547217,38.299332557296744,231.06459247645415
8.888912133891214,-0.6812872936457535,0.23250142955577333,0.06006197255618313,81346983768135.19,0.06240213872458232,22.069908854520868,0.0,1.4569108050378152,7.166049113301755,9.992513286964755,1264460.0027956446,113.34707827905997,2.399202440200237,48.17355645794232,38.38723904320379,231.33987492512566
8.90878661087866,-0.6812872936457535,0.23250142955577333,0.06047373380068285,81904666672094.66,0.06240213872458232,22.069908854520868,0.0,1.4569108050378152,7.174266763177603,10.015444209387978,1267361.6986351889,113.4881857758086,2.4047081546740543,48.25599254099854,38.47533047478487,231.61541620199503
8.928661087866109,-0.6812872936457535,0.23250142955577333,0.06088549504518261,82462349576054.17,0.06240213872458232,22.069908854520868,0.0,1.4569108050378152,7.182492259477296,10.03842334541159,1270269.4954592935,113.62942716530351,2.4102254452333245,48.338443409512195,38.56360712373319,231.89121624099755
8.948535564853557,-0.6812872936457535,0.23250142955577333,0.06129725628968237,83020032480013.69,0.06240213872458232,22.069908854520868,0.0,1.4569108050378152,7.19072560051554,10.061450765672332,1273183.4022063832,113.77080243760777,2.415754328837925,48.42090910878412,38.6520692614068,232.167274974451
8.968410041841004,-0.6812872936457535,0.23250142955577333,0.06170901753418209,83577715383973.16,0.06240213872458232,22.069908854520868,0.0,1.4569108050378152,7.198966784557265,10.084526540717746,1276103.4278035972,113.91231158171541,2.421294822426332,48.50338968453529,38.74071715882131,232.44359233304354
8.988284518828452,-0.6812872936457535,0.23250142955577333,0.06212077877868185,84135398287932.67,0.06240213872458232,22.069908854520868,0.0,1.4569108050378152,7.207215809817617,10.107650741005315,1279029.5811666765,114.05395458555236,2.4268469429153776,48.58588518290071,38.82955108664604,232.72016824583247
9.0081589958159,-0.6812872936457535,0.23250142955577333,0.06253254002318161,84693081191892.19,0.06240213872458232,22.069908854520868,0.0,1.4569108050378152,7.215472674461575,10.130823436900519,1281961.8711997208,114.19573143597054,2.432410707199816,48.66839565042041,38.918571315197056,232.99700264023207
9.028033472803347,-0.6812872936457535,0.23250142955577333,0.06294430126768133,85250764095851.66,0.06240213872458232,22.069908854520868,0.0,1.4569108050378152,7.2237373766038875,10.154044698675802,1284900.3067950576,114.33764211874801,2.4379861321520595,48.750921134033135,39.00777811443295,233.2740954420119
9.047907949790796,-0.6812872936457535,0.23250142955577333,0.0633560625121811,85808446999811.17,0.06240213872458232,22.069908854520868,0.0,1.4569108050378152,7.232009914308747,10.177314596508785,1287844.8968330147,114.4796866185838,2.4435732346217587,48.83346168106756,39.09717175394814,233.5514465752857
9.067782426778244,-0.6812872936457535,0.23250142955577333,0.06376782375668084,86366129903770.69,0.06240213872458232,22.069908854520868,0.0,1.4569108050378152,7.240290285589643,10.200633200481002,1290795.6501817608,114.62186491909704,2.44917203143549,48.91601733923529,39.18675250296784,233.82905596250674
9.08765690376569,-0.6812872936457535,0.23250142955577333,0.06417958500118057,86923812807730.16,0.06240213872458232,22.069908854520868,0.0,1.4569108050378152,7.248578488409072,10.224000580576169,1293752.5756970865,114.7641770028222,2.4547825393963394,48.99858815662216,39.27652063034143,234.10692352445804
9.107531380753139,-0.6812872936457535,0.23250142955577333,0.06459134624568033,87481495711689.69,0.06240213872458232,22.069908854520868,0.0,1.4569108050378152,7.256874520678411,10.247416806678974,1296715.682222253,114.90662285120833,2.4604047752836227,49.08117418168192,39.36647640453796,234.3850491802485
9.127405857740586,-0.6812872936457535,0.23250142955577333,0.06500310749018005,88039178615649.14,0.06240213872458232,22.069908854520868,0.0,1.4569108050378152,7.265178380257668,10.270881948573464,1299684.978587784,115.0492024446154,2.46603875585249,49.16377546322771,39.45662009363984,234.66343284730496
9.147280334728034,-0.6812872936457535,0.23250142955577333,0.0654148687346798,88596861519608.64,0.06240213872458232,22.069908854520868,0.0,1.4569108050378152,7.273490064955234,10.294396075941465,1302660.47361127,115.19191576231134,2.4716844978335457,49.246392050424426,39.54695196533673,234.9420744413635
9.16715481171548,-0.6812872936457535,0.23250142955577333,0.06582662997917953,89154544423568.12,0.06240213872458232,22.069908854520868,0.0,1.4569108050378152,7.281809572527676,10.31795925836108,1305642.176097175,115.33476278246887,2.4773420179324956,49.32902399278092,39.63747228691993,235.22097387646318
9.187029288702929,-0.6812872936457535,0.23250142955577333,0.06623839122367929,89712227327527.64,0.06240213872458232,22.069908854520868,0.0,1.4569108050378152,7.2901369006795465,10.341571565305253,1308630.0948366562,115.4777434821638,2.4830113328297894,49.41167134014253,39.72818132527663,235.5001310649393
9.206903765690377,-0.6812872936457535,0.23250142955577333,0.06665015246817904,90269910231487.16,0.06240213872458232,22.069908854520868,0.0,1.4569108050378152,7.2984720470631785,10.365233066140265,1311624.238607375,115.62085783737184,2.4886924591802773,49.494334142683805,39.819079346884436,235.77954591741724
9.226778242677824,-0.6812872936457535,0.23250142955577333,0.06706191371267876,90827593135446.62,0.06240213872458232,22.069908854520868,0.0,1.4569108050378152,7.306815009278381,10.388943830123955,1314624.6161732683,115.76410582296485,2.494385413612759,49.57701245089946,39.910166617804144,236.05921834280173
9.246652719665272,-0.6812872936457535,0.23250142955577333,0.06747367495717853,91385276039406.16,0.06240213872458232,22.069908854520868,0.0,1.4569108050378152,7.315165784872322,10.412703926404465,1317631.2362843943,115.90748741270924,2.500090212729712,49.65970631559829,40.001443403675395,236.3391482482741
9.26652719665272,-0.6812872936457535,0.23250142955577333,0.06788543620167828,91942958943365.64,0.06240213872458232,22.069908854520868,0.0,1.4569108050378152,7.323524371339279,10.436513424018601,1320644.1076767202,116.05100257926313,2.505806873106865,49.74241578789458,40.09290996970984,236.6193355392828
9.286401673640167,-0.6812872936457535,0.23250142955577333,0.068297197446178,92500641847325.11,0.06240213872458232,22.069908854520868,0.0,1.4569108050378152,7.331890766120338,10.460372391890026,1323663.2390718975,116.19465129417172,2.5115354112927943,49.82514091920011,40.18456658068471,236.89978011953443
9.306276150627616,-0.6812872936457535,0.23250142955577333,0.06870895869067777,93058324751284.64,0.06240213872458232,22.069908854520868,0.0,1.4569108050378152,7.340264966603292,10.484280898828038,1326688.639177106,116.3384335278666,2.5172758438086116,49.907881761217304,40.276413500937785,237.18048189099042
9.326150627615064,-0.6812872936457535,0.23250142955577333,0.06912071993517753,93616007655244.16,0.06240213872458232,22.069908854520868,0.0,1.4569108050378152,7.348646970122358,10.508239013525817,1329720.316684831,116.4823492496621,2.5230281871475477,49.99063836593108,40.368450994360764,237.46144075385726
9.34602510460251,-0.6812872936457535,0.23250142955577333,0.06953248117967725,94173690559203.64,0.06240213872458232,22.069908854520868,0.0,1.4569108050378152,7.3570367739579865,10.532246804558914,1332758.2802726731,116.62639842775239,2.528792457774597,50.07341078560149,40.46067932439355,237.74265660658065
9.365899581589959,-0.6812872936457535,0.23250142955577333,0.069944242424177,94731373463163.14,0.06240213872458232,22.069908854520868,0.0,1.4569108050378152,7.365434375336541,10.556304340383388,1335802.5386031126,116.77058102920753,2.534568672126048,50.156199072754774,40.553098754016766,238.02412934583407
9.385774058577406,-0.6812872936457535,0.23250142955577333,0.07035600366867673,95289056367122.6,0.06240213872458232,22.069908854520868,0.0,1.4569108050378152,7.3738397714302355,10.580411689334634,1338853.1003233609,116.91489701997291,2.5403568466092445,50.23900328017784,40.64570954574791,238.30585886651903
9.405648535564854,-0.6812872936457535,0.23250142955577333,0.07076776491317649,95846739271082.12,0.06240213872458232,22.069908854520868,0.0,1.4569108050378152,7.382252959356805,10.604568919625493,1341909.9740651213,117.05934636486458,2.546156997602078,50.321823460908774,40.73851196163325,238.587845061751
9.4255230125523,-0.6812872936457535,0.23250142955577333,0.07117952615767621,96404422175041.6,0.06240213872458232,22.069908854520868,0.0,1.4569108050378152,7.390673936179276,10.6287760993446,1344973.1684443802,117.20392902756652,2.5519691414526413,50.40465966822976,40.83150626324226,238.870087822855
9.445397489539749,-0.6812872936457535,0.23250142955577333,0.07159128740217596,96962105079001.11,0.06240213872458232,22.069908854520868,0.0,1.4569108050378152,7.399102698905785,10.653033296454884,1348042.6920612159,117.34864497062816,2.5577932944788184,50.487511955659265,40.924692711661095,239.15258703935706
9.465271966527197,-0.6812872936457535,0.23250142955577333,0.07200304864667573,97519787982960.62,0.06240213872458232,22.069908854520868,0.0,1.4569108050378152,7.407539244489389,10.677340578792016,1351118.5534996048,117.4934941554622,2.563629472967962,50.570380376945124,41.01807156748739,239.43534259897987
9.485146443514644,-0.6812872936457535,0.23250142955577333,0.07241480989117545,98077470886920.1,0.06240213872458232,22.069908854520868,0.0,1.4569108050378152,7.415983569827718,10.701698014062432,1354200.7613271691,117.63847654233957,2.5694776931763896,50.65326498605561,41.111643090822234,239.71835438763065
9.505020920502092,-0.6812872936457535,0.23250142955577333,0.0728265711356752,98635153790879.61,0.06240213872458232,22.069908854520868,0.0,1.4569108050378152,7.424435671762863,10.726105669841981,1357289.324095007,117.7835920903884,2.5753379713290596,50.736165837172514,41.205407541264954,240.00162228939726
9.52489539748954,-0.6812872936457535,0.23250142955577333,0.07323833238017496,99192836694839.12,0.06240213872458232,22.069908854520868,0.0,1.4569108050378152,7.432895547081069,10.750563613574059,1360384.2503374554,117.9288407575897,2.5812103236191333,50.81908298468314,41.29936517790613,240.28514618653858
9.544769874476987,-0.6812872936457535,0.23250142955577333,0.07365009362467469,99750519598798.6,0.06240213872458232,22.069908854520868,0.0,1.4569108050378152,7.441363192512647,10.775071912568313,1363485.5485719258,118.07422250077694,2.587094766207649,50.90201648317349,41.39351625932238,240.56892595948085
9.564644351464436,-0.6812872936457535,0.23250142955577333,0.07406185486917444,100308202502758.1,0.06240213872458232,22.069908854520868,0.0,1.4569108050378152,7.449838604731531,10.79963063399834,1366593.2272986164,118.21973727562919,2.592991315223003,50.9849663874192,41.487861043568046,240.85296148680484
9.584518828451884,-0.6812872936457535,0.23250142955577333,0.0744736161136742,100865885406717.62,0.06240213872458232,22.069908854520868,0.0,1.4569108050378152,7.458321780355258,10.824239844900616,1369707.2950003708,118.36538503667163,2.5988999867606393,51.067932752379036,41.58239978817023,241.13725264524274
9.60439330543933,-0.6812872936457535,0.23250142955577333,0.07488537735817392,101423568310677.1,0.06240213872458232,22.069908854520868,0.0,1.4569108050378152,7.466812715944627,10.848899612172454,1372827.7601424248,118.51116573727101,2.604820796882607,51.15091563318674,41.677132750121714,241.4217993096687
9.624267782426779,-0.6812872936457535,0.23250142955577333,0.07529713860267369,101981251214636.61,0.06240213872458232,22.069908854520868,0.0,1.4569108050378152,7.4753114080034635,10.873610002570285,1375954.6311721874,118.65707932963214,2.610753761617126,51.233915085143146,41.77206018587402,241.706601353091
9.644142259414227,-0.6812872936457535,0.23250142955577333,0.07570889984717344,102538934118596.12,0.06240213872458232,22.069908854520868,0.0,1.4569108050378152,7.4838178529784365,10.898371082708094,1379087.9165190402,118.80312576479598,2.616698896958214,51.316931163708944,41.86718235133142,241.99165864664548
9.664016736401674,-0.6812872936457535,0.23250142955577333,0.07612066109167316,103096617022555.6,0.06240213872458232,22.069908854520868,0.0,1.4569108050378152,7.492332047258856,10.923182919055746,1382227.6245941287,118.94930499263685,2.622656218865285,51.39996392449728,41.96249950184456,242.27697105958885
9.68389121338912,-0.6812872936457535,0.23250142955577333,0.07653242233617288,103654299926515.05,0.06240213872458232,22.069908854520868,0.0,1.4569108050378152,7.500853987176352,10.948045577937012,1385373.7637901134,119.09561696185814,2.6286257432626763,51.48301342326517,42.05801189220282,242.5625384592885
9.70376569037657,-0.6812872936457535,0.23250142955577333,0.07694418358067268,104211982830474.62,0.06240213872458232,22.069908854520868,0.0,1.4569108050378152,7.5093836690047455,10.972959125528122,1388526.3424809817,119.24206161999079,2.634607486039303,51.56607971590707,42.15371977662885,242.8483607112185
9.723640167364017,-0.6812872936457535,0.23250142955577333,0.0773559448251724,104769665734434.08,0.06240213872458232,22.069908854520868,0.0,1.4569108050378152,7.517921088959736,10.997923627855783,1391685.3690218024,119.38863891338896,2.640601463048172,51.64916285844609,42.24962340877075,243.13443767894833
9.743514644351464,-0.6812872936457535,0.23250142955577333,0.07776770606967212,105327348638393.56,0.06240213872458232,22.069908854520868,0.0,1.4569108050378152,7.5264662431986515,11.02293915079536,1394850.8517484926,119.5353487872267,2.6466076901059647,51.73226290702662,42.345723041695436,243.420769224136
9.763389121338912,-0.6812872936457535,0.23250142955577333,0.07817946731417189,105885031542353.08,0.06240213872458232,22.069908854520868,0.0,1.4569108050378152,7.535019127820368,11.048005760069547,1398022.798977651,119.68219118549743,2.652626182992699,51.81537991790769,42.44201892788318,243.70735520652428
9.78326359832636,-0.6812872936457535,0.23250142955577333,0.07859122855867164,106442714446312.6,0.06240213872458232,22.069908854520868,0.0,1.4569108050378152,7.543579738864961,11.073123521246284,1401201.2190062928,119.82916605100894,2.6586569574512304,51.898513947454525,42.53851131921969,243.99419548392947
9.803138075313807,-0.6812872936457535,0.23250142955577333,0.07900298980317136,107000397350272.06,0.06240213872458232,22.069908854520868,0.0,1.4569108050378152,7.552148072313382,11.098292499736685,1404386.1201115884,119.97627332537886,2.6647000291867773,51.981665052130154,42.63520046698844,244.2812899122317
9.823012552301256,-0.6812872936457535,0.23250142955577333,0.07941475104767112,107558080254231.56,0.06240213872458232,22.069908854520868,0.0,1.4569108050378152,7.5607241240874465,11.123512760793892,1407577.510550719,120.12351294903519,2.670755413866612,52.06483328848952,42.73208662186579,244.5686383453733
9.842887029288704,-0.6812872936457535,0.23250142955577333,0.07982651229217087,108115763158191.08,0.06240213872458232,22.069908854520868,0.0,1.4569108050378152,7.569307890049445,11.148784369510842,1410775.3985605927,120.27088486121065,2.676823127119553,52.14801871317073,42.829170033912845,244.8562406353465
9.86276150627615,-0.6812872936457535,0.23250142955577333,0.0802382735366706,108673446062150.55,0.06240213872458232,22.069908854520868,0.0,1.4569108050378152,7.577899366001935,11.174107390818524,1413979.792357624,120.41838899994016,2.682903184535527,52.23122138288757,42.92645095256843,245.1440966321868
9.882635983263599,-0.6812872936457535,0.23250142955577333,0.08065003478117036,109231128966110.08,0.06240213872458232,22.069908854520868,0.0,1.4569108050378152,7.586498547687577,11.19948188948437,1417190.7001375319,120.56602530205889,2.6889956016651952,52.314441354422634,43.023929626643124,245.43220618396757
9.902510460251047,-0.6812872936457535,0.23250142955577333,0.08106179602567012,109788811870069.6,0.06240213872458232,22.069908854520868,0.0,1.4569108050378152,7.5951054307887915,11.224907930110106,1420408.1300750677,120.71379370319714,2.695100394019433,52.39767868461865,43.12160630431093,245.72056913678816
9.922384937238494,-0.6812872936457535,0.23250142955577333,0.08147355727016985,110346494774029.08,0.06240213872458232,22.069908854520868,0.0,1.4569108050378152,7.603720010927562,11.250385577130054,1423632.0903237965,120.8616941377781,2.7012175770689275,52.48093343037135,43.21948123310284,246.00918533476855
9.942259414225942,-0.6812872936457535,0.23250142955577333,0.0818853185146696,110904177677988.58,0.06240213872458232,22.069908854520868,0.0,1.4569108050378152,7.612342283665319,11.275914894809615,1426862.5890159106,121.0097265390166,2.707347166243789,52.56420564862277,43.31755465990062,246.29805462004364
9.96213389121339,-0.6812872936457535,0.23250142955577333,0.08229707975916936,111461860581948.11,0.06240213872458232,22.069908854520868,0.0,1.4569108050378152,7.620972244502472,11.301495947242769,1430099.6342619085,121.15789083891245,2.713489176932992,52.64749539635193,43.41582683092787,246.58717683275057
9.982008368200837,-0.6812872936457535,0.23250142955577333,0.08270884100366908,112019543485907.58,0.06240213872458232,22.069908854520868,0.0,1.4569108050378152,7.629609888878382,11.327128798350797,1433343.2341504367,121.30618696825023,2.719643624484029,52.730802730568804,43.51429799174446,246.876551811025
10.001882845188284,-0.6812872936457535,0.23250142955577333,0.0831206022481688,112577226389867.03,0.06240213872458232,22.069908854520868,0.0,1.4569108050378152,7.638255212170989,11.352813511880035,1436593.3967480038,121.45461485659435,2.7258105242023953,52.81412770830577,43.612968387238325,247.1661793909909
10.021757322175732,-0.6812872936457535,0.23250142955577333,0.08353236349266856,113134909293826.55,0.06240213872458232,22.069908854520868,0.0,1.4569108050378152,7.646908209696674,11.378550151400281,1439850.1300987788,121.6031744322874,2.7319898913512084,52.89747038661099,43.711838261619334,247.4560594067554
10.04163179916318,-0.6812872936457535,0.23250142955577333,0.08394412473716832,113692592197786.06,0.06240213872458232,22.069908854520868,0.0,1.4569108050378152,7.655568876709989,11.404338780302837,1443113.442224344,121.75186562244652,2.7381817411507097,52.98083082254031,43.810907858411355,247.7461916903993
10.061506276150627,-0.6812872936457535,0.23250142955577333,0.08435588598166804,114250275101745.53,0.06240213872458232,22.069908854520868,0.0,1.4569108050378152,7.664237208403329,11.430179461798316,1446383.3411234173,121.90068835295854,2.744386088777777,53.06420907314925,43.910177420444434,248.03657607196715
10.081380753138076,-0.6812872936457535,0.23250142955577333,0.0847676472261678,114807958005705.05,0.06240213872458232,22.069908854520868,0.0,1.4569108050378152,7.672913199906819,11.456072258915148,1449659.834771661,122.04964254847935,2.7506029493655277,53.1476051954863,44.009647189848444,248.3272123794629
10.101255230125524,-0.6812872936457535,0.23250142955577333,0.08517940847066756,115365640909664.56,0.06240213872458232,22.069908854520868,0.0,1.4569108050378152,7.681596846288054,11.482017234497567,1452942.9311214325,122.19872813242979,2.7568323380028668,53.23101924658545,44.10931740804587,248.61810043884176
10.12112970711297,-0.6812872936457535,0.23250142955577333,0.08559116971516728,115923323813624.03,0.06240213872458232,22.069908854520868,0.0,1.4569108050378152,7.690288142551799,11.508014451203547,1456232.6381015177,122.347945026992,2.7630742697339716,53.31445128345808,44.209188315743546,248.90924007399994
10.141004184100419,-0.6812872936457535,0.23250142955577333,0.08600293095966703,116481006717583.53,0.06240213872458232,22.069908854520868,0.0,1.4569108050378152,7.6989870836398,11.534063971503013,1459528.963616907,122.49729315310672,2.7693287595578715,53.39790136308578,44.309260152925944,249.20063110676892
10.160878661087867,-0.6812872936457535,0.23250142955577333,0.0864146922041668,117038689621543.06,0.06240213872458232,22.069908854520868,0.0,1.4569108050378152,7.707693664430437,11.56016585767557,1462831.9155485074,122.64677243046837,2.7755958224279027,53.48136954241213,44.40953315884644,249.4922733569038
10.180753138075314,-0.6812872936457535,0.23250142955577333,0.08682645344866652,117596372525502.53,0.06240213872458232,22.069908854520868,0.0,1.4569108050378152,7.716407879738702,11.586320171809229,1466141.501752982,122.79638277752574,2.7818754732513953,53.56485587833695,44.510007572022324,249.78416664208243
10.200627615062762,-0.6812872936457535,0.23250142955577333,0.08723821469316628,118154055429462.05,0.06240213872458232,22.069908854520868,0.0,1.4569108050378152,7.725129724315754,11.612526975797845,1469457.7300624242,122.94612411147511,2.788167726889061,53.648360427707075,44.610683630224976,250.07631077789068
10.22050209205021,-0.6812872936457535,0.23250142955577333,0.08764997593766603,118711738333421.56,0.06240213872458232,22.069908854520868,0.0,1.4569108050378152,7.733859192848759,11.638786331339373,1472780.6082841393,123.09599634825831,2.7944725981545817,53.731883247309774,44.71156157047331,250.36870557781768
10.240376569037657,-0.6812872936457535,0.23250142955577333,0.08806173718216576,119269421237381.03,0.06240213872458232,22.069908854520868,0.0,1.4569108050378152,7.742596279960633,11.665098299933877,1476110.14420039,123.24599940255969,2.8007901018141235,53.81542439386493,44.812641629025975,250.66135085324697
10.260251046025104,-0.6812872936457535,0.23250142955577333,0.08847349842666548,119827104141340.48,0.06240213872458232,22.069908854520868,0.0,1.4569108050378152,7.751340980209831,11.691462942881625,1479446.345568158,123.39613318780295,2.8071202525858783,53.89898392401795,44.91392404137405,250.9542464134497
10.280125523012554,-0.6812872936457535,0.23250142955577333,0.08888525967116527,120384787045300.06,0.06240213872458232,22.069908854520868,0.0,1.4569108050378152,7.760093288090062,11.71788032128097,1482789.2201188747,123.54639761614722,2.8134630651395574,53.98256189433187,45.01540904223292,251.24739206557476
10.3,-0.6812872936457535,0.23250142955577333,0.08929702091566499,120942469949259.52,0.06240213872458232,22.069908854520868,0.0,1.4569108050378152,7.768853198030025,11.744350496026305,1486138.7755581604,123.69679259848378,2.819818554095915,54.066158361280095,45.11709686553464,251.5407876146413
